Date,Time,Relative_time,Temperature,Resonance_Frequency,Dissipation
2024-05-15,16:53:33,1715784813.72,nan,nan,nan
2024-05-15,16:53:34,0.0,0.0,4994170.86,0.00024253875707013774
2024-05-15,16:53:34,0.32,0.0,4994170.83,0.00024255210854923326
2024-05-15,16:53:34,0.66,0.0,4994170.75,0.00024257347035031045
2024-05-15,16:53:35,0.98,0.0,4994170.73,0.0002425601208095979
2024-05-15,16:53:35,1.31,0.0,4994170.77,0.0002425681320900781
2024-05-15,16:53:35,1.64,0.0,4994170.75,0.00024256813306087346
2024-05-15,16:53:35,1.88,0.0,4994170.69,0.0002425814845367608
2024-05-15,16:53:36,2.19,0.0,4994170.69,0.0002425734751994754
2024-05-15,16:53:36,2.51,0.0,4994170.67,0.00024256012565929754
2024-05-15,16:53:36,2.85,0.0,4994170.69,0.00024255745652597362
2024-05-15,16:53:37,3.17,0.0,4994170.69,0.000242552117290669
2024-05-15,16:53:37,3.51,0.0,4994170.65,0.0002425601285695452
2024-05-15,16:53:37,3.83,0.0,4994170.42,0.0002426028512762893
2024-05-15,16:53:38,4.08,0.0,4994170.51,0.00024256814091491884
2024-05-15,16:53:38,4.39,0.0,4994170.65,0.00024255479072308954
2024-05-15,16:53:38,4.71,0.0,4994170.58,0.00024259484194060808
2024-05-15,16:53:39,5.03,0.0,4994170.55,0.0002425601312141161
2024-05-15,16:53:39,5.36,0.0,4994170.45,0.000242610864163179
2024-05-15,16:53:39,5.68,0.0,4994170.38,0.00024261086447697545
2024-05-15,16:53:40,6.01,0.0,4994170.43,0.00024261620469376812
2024-05-15,16:53:40,6.27,0.0,4994170.35,0.00024262154588296092
2024-05-15,16:53:40,6.59,0.0,4994170.35,0.0002426348987027859
2024-05-15,16:53:40,6.9,0.0,4994170.42,0.00024263222860829023
2024-05-15,16:53:41,7.22,0.0,4994170.57,0.0002425067365115847
2024-05-15,16:53:41,7.55,0.0,4994170.59,0.00024249071526569085
2024-05-15,16:53:41,7.87,0.0,4994170.51,0.00024250139633114732
2024-05-15,16:53:42,8.21,0.0,4994170.51,0.00024253076745400545
2024-05-15,16:53:42,8.53,0.0,4994170.46,0.00024252809929147662
2024-05-15,16:53:42,8.86,0.0,4994170.35,0.00024254679035121745
2024-05-15,16:53:43,9.09,0.0,4994170.27,0.00024260286349087791
2024-05-15,16:53:43,9.42,0.0,4994170.15,0.00024262422527377713
2024-05-15,16:53:43,9.73,0.0,4994170.15,0.00024264024589528527
2024-05-15,16:53:44,10.06,0.0,4994170.11,0.00024264558772650697
2024-05-15,16:53:44,10.39,0.0,4994170.17,0.00024263490924841328
2024-05-15,16:53:44,10.72,0.0,4994170.25,0.00024260286831117323
2024-05-15,16:53:45,11.04,0.0,4994170.19,0.00024261354839353748
2024-05-15,16:53:45,11.37,0.0,4994170.23,0.0002425467980074483
2024-05-15,16:53:45,11.6,0.0,4994170.19,0.00024256816012766948
2024-05-15,16:53:45,11.93,0.0,4994170.2,0.00024257884152242802
2024-05-15,16:53:46,12.25,0.0,4994170.13,0.00024258952289954311
2024-05-15,16:53:46,12.57,0.0,4994170.19,0.00024252811145955357
2024-05-15,16:53:46,12.9,0.0,4994170.21,0.0002425254423267645
2024-05-15,16:53:47,13.23,0.0,4994170.12,0.0002425468041347928
2024-05-15,16:53:47,13.56,0.0,4994170.07,0.0002425681659278511
2024-05-15,16:53:47,13.88,0.0,4994170.13,0.00024253612565776843
2024-05-15,16:53:48,14.12,0.0,4994170.12,0.0002425387967305449
2024-05-15,16:53:48,14.43,0.0,4994169.88,0.00024256282871968244
2024-05-15,16:53:48,14.76,0.0,4994169.86,0.00024256282968940901
2024-05-15,16:53:49,15.09,0.0,4994169.89,0.00024260021214514348
2024-05-15,16:53:49,15.42,0.0,4994169.83,0.00024261890317708306
2024-05-15,16:53:49,15.75,0.0,4994169.83,0.00024261356394605566
2024-05-15,16:53:50,16.08,0.0,4994169.71,0.0002426375955460108
2024-05-15,16:53:50,16.4,0.0,4994169.69,0.00024263759652322313
2024-05-15,16:53:50,16.64,0.0,4994169.65,0.00024264560780209985
2024-05-15,16:53:50,16.95,0.0,4994169.63,0.00024264827888022277
2024-05-15,16:53:51,17.28,0.0,4994169.65,0.00024263225923966804
2024-05-15,16:53:51,17.61,0.0,4994169.69,0.00024262157980147096
2024-05-15,16:53:51,17.94,0.0,4994169.68,0.00024261090036273934
2024-05-15,16:53:52,18.27,0.0,4994169.61,0.0002426215817430624
2024-05-15,16:53:52,18.59,0.0,4994169.61,0.000242613572405777
2024-05-15,16:53:52,18.83,0.0,4994169.69,0.00024262425383475228
2024-05-15,16:53:53,19.15,0.0,4994169.68,0.00024262692490539028
2024-05-15,16:53:53,19.47,0.0,4994169.83,0.00024252012128266488
2024-05-15,16:53:53,19.79,0.0,4994169.78,0.00024252279267565377
2024-05-15,16:53:54,20.13,0.0,4994169.81,0.00024250143411840355
2024-05-15,16:53:54,20.45,0.0,4994169.79,0.00024248007458126857
2024-05-15,16:53:54,20.79,0.0,4994169.92,0.00024242934359945827
2024-05-15,16:53:55,21.1,0.0,4994169.94,0.0002423866241830564
2024-05-15,16:53:55,21.34,0.0,4994169.9,0.00024242667671136648
2024-05-15,16:53:55,21.67,0.0,4994169.62,0.00024250144035695628
2024-05-15,16:53:56,21.98,0.0,4994169.57,0.00024250144199704888
2024-05-15,16:53:56,22.31,0.0,4994169.52,0.00024253348261995815
2024-05-15,16:53:56,22.64,0.0,4994169.5,0.00024254416465193347
2024-05-15,16:53:57,22.97,0.0,4994169.26,0.00024262693760647246
2024-05-15,16:53:57,23.3,0.0,4994169.18,0.00024261892826330563
2024-05-15,16:53:57,23.62,0.0,4994169.33,0.0002426109186336099
2024-05-15,16:53:57,23.86,0.0,4994169.13,0.00024264830112356213
2024-05-15,16:53:58,24.17,0.0,4994169.07,0.00024265631142148506
2024-05-15,16:53:58,24.5,0.0,4994168.95,0.0002426963643651758
2024-05-15,16:53:58,24.83,0.0,4994169.01,0.00024266966363991667
2024-05-15,16:53:59,25.15,0.0,4994169.13,0.0002426536427586101
2024-05-15,16:53:59,25.48,0.0,4994169.13,0.00024264830320041983
2024-05-15,16:53:59,25.81,0.0,4994168.89,0.00024268835612272394
2024-05-15,16:54:00,26.06,0.0,4994168.92,0.0002426803461385978
2024-05-15,16:54:00,26.36,0.0,4994168.96,0.00024271238742010987
2024-05-15,16:54:00,26.69,0.0,4994168.97,0.00024269369735468847
2024-05-15,16:54:01,27.01,0.0,4994169.02,0.00024268301694248783
2024-05-15,16:54:01,27.34,0.0,4994169.09,0.00024266699566879182
2024-05-15,16:54:01,27.67,0.0,4994169.13,0.0002426509750494216
2024-05-15,16:54:02,28.0,0.0,4994168.87,0.00024269636656500105
2024-05-15,16:54:02,28.32,0.0,4994168.87,0.0002427284078058801
2024-05-15,16:54:02,28.57,0.0,4994168.63,0.00024280851104601617
2024-05-15,16:54:02,28.88,0.0,4994168.7,0.00024276045046982476
2024-05-15,16:54:03,29.2,0.0,4994168.81,0.00024276311998431044
2024-05-15,16:54:03,29.53,0.0,4994168.91,0.00024278448118880447
2024-05-15,16:54:03,29.86,0.0,4994168.9,0.00024277914098484274
2024-05-15,16:54:04,30.18,0.0,4994169.08,0.00024265898613960865
2024-05-15,16:54:04,30.51,0.0,4994169.04,0.00024266165592084238
2024-05-15,16:54:04,30.85,0.0,4994168.97,0.00024269102770497792
2024-05-15,16:54:05,31.08,0.0,4994168.99,0.0002426910290136295
2024-05-15,16:54:05,31.4,0.0,4994168.97,0.00024269369943742705
2024-05-15,16:54:05,31.71,0.0,4994169.08,0.00024265898805339952
2024-05-15,16:54:06,32.05,0.0,4994169.02,0.00024265097774157582
2024-05-15,16:54:06,32.37,0.0,4994169.02,0.00024264029862198767
2024-05-15,16:54:06,32.7,0.0,4994168.99,0.00024266165945601253
2024-05-15,16:54:07,33.03,0.0,4994168.96,0.00024268301994897373
2024-05-15,16:54:07,33.27,0.0,4994168.95,0.00024269370035903573
2024-05-15,16:54:07,33.6,0.0,4994168.87,0.0002427070515216623
2024-05-15,16:54:07,33.9,0.0,4994168.91,0.0002426883607987073
2024-05-15,16:54:08,34.23,0.0,4994168.93,0.00024268569231489782
2024-05-15,16:54:08,34.56,0.0,4994168.89,0.00024269370326500807
2024-05-15,16:54:08,34.9,0.0,4994168.86,0.0002426963736920134
2024-05-15,16:54:09,35.22,0.0,4994168.8,0.00024271239527576412
2024-05-15,16:54:09,35.55,0.0,4994168.75,0.00024273375674807582
2024-05-15,16:54:09,35.79,0.0,4994168.73,0.00024273642781550618
2024-05-15,16:54:10,36.11,0.0,4994168.74,0.00024273642813946134
2024-05-15,16:54:10,36.42,0.0,4994168.67,0.00024274710951604228
2024-05-15,16:54:10,36.75,0.0,4994168.73,0.00024274978030923956
2024-05-15,16:54:11,37.08,0.0,4994168.77,0.00024271239981380898
2024-05-15,16:54:11,37.41,0.0,4994168.8,0.00024265098825673175
2024-05-15,16:54:11,37.73,0.0,4994168.84,0.00024264297889431928
2024-05-15,16:54:12,38.06,0.0,4994168.89,0.00024265366031901855
2024-05-15,16:54:12,38.3,0.0,4994168.85,0.00024267769222742488
2024-05-15,16:54:12,38.62,0.0,4994168.93,0.00024257355900657445
2024-05-15,16:54:12,38.93,0.0,4994168.97,0.0002426002610404852
2024-05-15,16:54:13,39.26,0.0,4994168.93,0.0002426109417718292
2024-05-15,16:54:13,39.6,0.0,4994169.11,0.00024253350966328073
2024-05-15,16:54:13,39.92,0.0,4994169.01,0.00024254953094125456
2024-05-15,16:54:14,40.25,0.0,4994169.11,0.0002424881193750885
2024-05-15,16:54:14,40.57,0.0,4994169.08,0.0002424934592604415
2024-05-15,16:54:14,40.81,0.0,4994169.07,0.00024253885266414875
2024-05-15,16:54:15,41.13,0.0,4994168.97,0.00024256021414073778
2024-05-15,16:54:15,41.46,0.0,4994169.05,0.00024248812216878666
2024-05-15,16:54:15,41.78,0.0,4994169.03,0.00024247210251860806
2024-05-15,16:54:16,42.11,0.0,4994169.09,0.00024245341277126083
2024-05-15,16:54:16,42.44,0.0,4994169.03,0.00024245875361992488
2024-05-15,16:54:16,42.77,0.0,4994169.02,0.0002424614246905632
2024-05-15,16:54:17,43.09,0.0,4994169.07,0.00024247744761611323
2024-05-15,16:54:17,43.33,0.0,4994168.9,0.00024249880943055834
2024-05-15,16:54:17,43.64,0.0,4994169.06,0.00024244273812128354
2024-05-15,16:54:18,43.97,0.0,4994169.09,0.00024244807898064086
2024-05-15,16:54:18,44.3,0.0,4994169.07,0.00024236530722247893
2024-05-15,16:54:18,44.62,0.0,4994168.99,0.00024241336877748693
2024-05-15,16:54:18,44.95,0.0,4994168.93,0.00024242939036123754
2024-05-15,16:54:19,45.28,0.0,4994168.9,0.0002424427418467498
2024-05-15,16:54:19,45.53,0.0,4994168.87,0.00024245075377032959
2024-05-15,16:54:19,45.84,0.0,4994168.83,0.00024245342516492318
2024-05-15,16:54:20,46.15,0.0,4994168.81,0.00024245342645860528
2024-05-15,16:54:20,46.48,0.0,4994168.87,0.00024241337458087716
2024-05-15,16:54:20,46.81,0.0,4994168.85,0.00024241604565418875
2024-05-15,16:54:21,47.14,0.0,4994168.59,0.00024248012922276237
2024-05-15,16:54:21,47.46,0.0,4994168.49,0.0002425602330808705
2024-05-15,16:54:21,47.81,0.0,4994168.51,0.000242498821646226
2024-05-15,16:54:22,48.04,0.0,4994168.51,0.00024252819313527765
2024-05-15,16:54:22,48.35,0.0,4994168.52,0.0002425228538967657
2024-05-15,16:54:22,48.67,0.0,4994168.53,0.00024251751498648584
2024-05-15,16:54:23,48.99,0.0,4994168.49,0.00024252552626429392
2024-05-15,16:54:23,49.33,0.0,4994168.34,0.00024254955658553807
2024-05-15,16:54:23,49.65,0.0,4994168.32,0.000242546887774031
2024-05-15,16:54:24,49.99,0.0,4994168.27,0.00024259227922973113
2024-05-15,16:54:24,50.31,0.0,4994168.11,0.00024264301123901128
2024-05-15,16:54:24,50.55,0.0,4994168.09,0.00024264034242964328
2024-05-15,16:54:24,50.86,0.0,4994168.11,0.00024266437338168898
2024-05-15,16:54:25,51.18,0.0,4994168.08,0.00024266971326811137
2024-05-15,16:54:25,51.52,0.0,4994168.05,0.00024267505347314253
2024-05-15,16:54:25,51.84,0.0,4994168.06,0.00024266704445874342
2024-05-15,16:54:26,52.18,0.0,4994168.01,0.00024268039497613313
2024-05-15,16:54:26,52.49,0.0,4994167.78,0.0002427631683064899
2024-05-15,16:54:26,52.76,0.0,4994167.7,0.00024277918893013766
2024-05-15,16:54:27,53.06,0.0,4994167.76,0.0002427818597024847
2024-05-15,16:54:27,53.38,0.0,4994167.8,0.00024274981844021908
2024-05-15,16:54:27,53.7,0.0,4994167.88,0.00024273112805244662
2024-05-15,16:54:28,54.03,0.0,4994167.92,0.00024271510742024453
2024-05-15,16:54:28,54.35,0.0,4994167.94,0.00024270976688965426
2024-05-15,16:54:28,54.69,0.0,4994167.9,0.00024272578750474778
2024-05-15,16:54:29,55.01,0.0,4994167.91,0.00024273646921704647
2024-05-15,16:54:29,55.27,0.0,4994167.82,0.00024274714962603945
2024-05-15,16:54:29,55.58,0.0,4994167.89,0.00024272311900222618
2024-05-15,16:54:29,55.89,0.0,4994167.93,0.00024269908741724012
2024-05-15,16:54:30,56.22,0.0,4994167.97,0.00024268840829979086
2024-05-15,16:54:30,56.55,0.0,4994167.93,0.00024268039863427357
2024-05-15,16:54:30,56.87,0.0,4994168.0,0.0002426777285237383
2024-05-15,16:54:31,57.2,0.0,4994168.03,0.00024264034739269368
2024-05-15,16:54:31,57.54,0.0,4994168.0,0.00024265369854943944
2024-05-15,16:54:31,57.76,0.0,4994167.83,0.00024269108066785454
2024-05-15,16:54:32,58.08,0.0,4994167.81,0.00024270176075716953
2024-05-15,16:54:32,58.4,0.0,4994167.83,0.00024273647277039595
2024-05-15,16:54:32,58.73,0.0,4994167.7,0.00024275516480040047
2024-05-15,16:54:33,59.06,0.0,4994167.76,0.00024270710387298657
2024-05-15,16:54:33,59.38,0.0,4994167.81,0.00024272312483662915
2024-05-15,16:54:33,59.71,0.0,4994167.8,0.0002426964247705073
2024-05-15,16:54:34,60.05,0.0,4994167.89,0.00024266705358883683
2024-05-15,16:54:34,60.28,0.0,4994167.95,0.0002426216627815816
2024-05-15,16:54:34,60.59,0.0,4994167.96,0.00024261632354520828
2024-05-15,16:54:34,60.93,0.0,4994167.92,0.00024262433482355155
2024-05-15,16:54:35,61.25,0.0,4994167.93,0.0002426296747078353
2024-05-15,16:54:35,61.58,0.0,4994167.92,0.00024263501588205893
2024-05-15,16:54:35,61.91,0.0,4994167.82,0.00024263501686354875
2024-05-15,16:54:36,62.23,0.0,4994167.79,0.0002427124509115537
2024-05-15,16:54:36,62.56,0.0,4994167.67,0.0002427017714380707
2024-05-15,16:54:36,62.8,0.0,4994167.9,0.00024262700935023573
2024-05-15,16:54:37,63.12,0.0,4994167.99,0.0002425575875241047
2024-05-15,16:54:37,63.44,0.0,4994167.71,0.00024261366076481692
2024-05-15,16:54:37,63.76,0.0,4994167.73,0.00024258429059724872
2024-05-15,16:54:38,64.1,0.0,4994167.69,0.0002426243431822342
2024-05-15,16:54:38,64.42,0.0,4994167.7,0.00024265104520545353
2024-05-15,16:54:38,64.75,0.0,4994167.65,0.00024267240701669166
2024-05-15,16:54:39,64.99,0.0,4994167.75,0.0002425923048088339
2024-05-15,16:54:39,65.31,0.0,4994167.73,0.00024261366597911154
2024-05-15,16:54:39,65.62,0.0,4994167.69,0.00024262701682847672
2024-05-15,16:54:39,65.95,0.0,4994167.64,0.000242610997481404
2024-05-15,16:54:40,66.28,0.0,4994167.6,0.00024261900876883658
2024-05-15,16:54:40,66.61,0.0,4994167.61,0.00024261901104775173
2024-05-15,16:54:40,66.93,0.0,4994167.61,0.00024259231162152107
2024-05-15,16:54:41,67.26,0.0,4994167.55,0.0002426003238765427
2024-05-15,16:54:41,67.51,0.0,4994167.56,0.00024264037678655253
2024-05-15,16:54:41,67.82,0.0,4994167.55,0.00024261634649631766
2024-05-15,16:54:42,68.15,0.0,4994167.49,0.0002425656156946435
2024-05-15,16:54:42,68.47,0.0,4994167.55,0.00024254692593553403
2024-05-15,16:54:42,68.8,0.0,4994167.57,0.00024255760604997734
2024-05-15,16:54:43,69.12,0.0,4994167.58,0.00024253891629942188
2024-05-15,16:54:43,69.46,0.0,4994167.51,0.00024256561830927534
2024-05-15,16:54:43,69.78,0.0,4994167.41,0.00024259766054501148
2024-05-15,16:54:44,70.02,0.0,4994167.35,0.00024260033161671964
2024-05-15,16:54:44,70.33,0.0,4994167.37,0.00024261368311613368
2024-05-15,16:54:44,70.65,0.0,4994167.29,0.00024262436450715107
2024-05-15,16:54:45,70.98,0.0,4994167.27,0.00024263771600549608
2024-05-15,16:54:45,71.32,0.0,4994167.21,0.00024264038708094693
2024-05-15,16:54:45,71.65,0.0,4994167.2,0.00024264038837355995
2024-05-15,16:54:46,71.97,0.0,4994167.05,0.00024266976050464178
2024-05-15,16:54:46,72.21,0.0,4994167.05,0.00024268578080647319
2024-05-15,16:54:46,72.53,0.0,4994166.97,0.0002427098130559445
2024-05-15,16:54:46,72.85,0.0,4994166.91,0.00024276321548795377
2024-05-15,16:54:47,73.17,0.0,4994166.87,0.00024276054570137378
2024-05-15,16:54:47,73.5,0.0,4994166.96,0.0002427044747727253
2024-05-15,16:54:47,73.83,0.0,4994166.95,0.00024271248573673712
2024-05-15,16:54:48,74.15,0.0,4994166.98,0.00024270714552956723
2024-05-15,16:54:48,74.41,0.0,4994167.02,0.00024267777404158398
2024-05-15,16:54:48,74.73,0.0,4994167.01,0.00024269112455843934
2024-05-15,16:54:49,75.04,0.0,4994166.99,0.00024268845542565115
2024-05-15,16:54:49,75.36,0.0,4994166.93,0.0002427151564625698
2024-05-15,16:54:49,75.69,0.0,4994166.95,0.00024267777630713282
2024-05-15,16:54:50,76.01,0.0,4994166.91,0.00024269646703115809
2024-05-15,16:54:50,76.34,0.0,4994166.61,0.00024276855996802836
2024-05-15,16:54:50,76.67,0.0,4994166.61,0.0002427658898644434
2024-05-15,16:54:51,76.99,0.0,4994166.7,0.00024280327139162137
2024-05-15,16:54:51,77.25,0.0,4994166.68,0.00024279526107445087
2024-05-15,16:54:51,77.56,0.0,4994166.61,0.0002428006012997987
2024-05-15,16:54:51,77.88,0.0,4994166.67,0.00024278992086621174
2024-05-15,16:54:52,78.2,0.0,4994166.71,0.0002427765703579107
2024-05-15,16:54:52,78.53,0.0,4994166.73,0.00024281395185942568
2024-05-15,16:54:52,78.86,0.0,4994166.73,0.00024283264258772807
2024-05-15,16:54:53,79.19,0.0,4994166.85,0.00024275253929733137
2024-05-15,16:54:53,79.51,0.0,4994166.75,0.00024277657023494224
2024-05-15,16:54:53,79.75,0.0,4994166.8,0.0002427471990719836
2024-05-15,16:54:54,80.07,0.0,4994166.85,0.00024273651866405963
2024-05-15,16:54:54,80.38,0.0,4994166.83,0.00024272850802400304
2024-05-15,16:54:54,80.72,0.0,4994166.75,0.00024277390045317413
2024-05-15,16:54:55,81.04,0.0,4994166.73,0.0002427632219847053
2024-05-15,16:54:55,81.38,0.0,4994166.6,0.00024278725362155383
2024-05-15,16:54:55,81.7,0.0,4994166.69,0.00024273385081960902
2024-05-15,16:54:55,81.95,0.0,4994166.81,0.00024270181154491575
2024-05-15,16:54:56,82.27,0.0,4994166.89,0.00024269380026764118
2024-05-15,16:54:56,82.58,0.0,4994166.87,0.0002426911291943287
2024-05-15,16:54:56,82.91,0.0,4994166.94,0.0002426831195239993
2024-05-15,16:54:57,83.23,0.0,4994167.05,0.00024266442850595882
2024-05-15,16:54:57,83.56,0.0,4994167.0,0.00024267510924532324
2024-05-15,16:54:57,83.89,0.0,4994167.14,0.00024260301629989867
2024-05-15,16:54:58,84.22,0.0,4994167.11,0.0002426163674646649
2024-05-15,16:54:58,84.46,0.0,4994167.15,0.00024258699630063695
2024-05-15,16:54:58,84.78,0.0,4994167.13,0.00024258165771698614
2024-05-15,16:54:59,85.09,0.0,4994167.13,0.00024257631815451927
2024-05-15,16:54:59,85.42,0.0,4994167.21,0.00024252825592379823
2024-05-15,16:54:59,85.75,0.0,4994167.23,0.00024252825689619897
2024-05-15,16:55:00,86.08,0.0,4994167.14,0.0002425309282977443
2024-05-15,16:55:00,86.4,0.0,4994167.17,0.00024252024884671656
2024-05-15,16:55:00,86.65,0.0,4994167.23,0.0002425015590833299
2024-05-15,16:55:01,86.97,0.0,4994167.22,0.00024251223983392183
2024-05-15,16:55:01,87.29,0.0,4994167.19,0.0002425069005943409
2024-05-15,16:55:01,87.61,0.0,4994167.29,0.0002424615094481595
2024-05-15,16:55:01,87.94,0.0,4994167.27,0.00024244548978782321
2024-05-15,16:55:02,88.28,0.0,4994167.35,0.0002424348090372314
2024-05-15,16:55:02,88.59,0.0,4994167.41,0.00024239475907275945
2024-05-15,16:55:02,88.93,0.0,4994167.38,0.000242394759719601
2024-05-15,16:55:03,89.25,0.0,4994167.29,0.00024241612152763205
2024-05-15,16:55:03,89.48,0.0,4994167.31,0.0002423840812612901
2024-05-15,16:55:03,89.79,0.0,4994167.33,0.00024238408223582942
2024-05-15,16:55:04,90.13,0.0,4994167.05,0.0002424428249787304
2024-05-15,16:55:04,90.45,0.0,4994167.06,0.0002424348143434857
2024-05-15,16:55:04,90.78,0.0,4994167.04,0.00024248554705146974
2024-05-15,16:55:05,91.11,0.0,4994167.06,0.00024246685761364226
2024-05-15,16:55:05,91.44,0.0,4994167.09,0.0002425229301957516
2024-05-15,16:55:05,91.69,0.0,4994166.99,0.00024254696147014973
2024-05-15,16:55:06,92.0,0.0,4994167.15,0.00024240811709405372
2024-05-15,16:55:06,92.32,0.0,4994167.12,0.00024241879848988358
2024-05-15,16:55:06,92.64,0.0,4994167.15,0.00024243749019914104
2024-05-15,16:55:07,92.97,0.0,4994166.83,0.0002424962335771228
2024-05-15,16:55:07,93.3,0.0,4994166.95,0.00024242147159193785
2024-05-15,16:55:07,93.62,0.0,4994166.91,0.00024246152420258785
2024-05-15,16:55:07,93.95,0.0,4994166.63,0.00024255230887063834
2024-05-15,16:55:08,94.19,0.0,4994166.57,0.00024256566037486518
2024-05-15,16:55:08,94.51,0.0,4994166.62,0.0002425629912987497
2024-05-15,16:55:08,94.83,0.0,4994166.38,0.0002426190645784931
2024-05-15,16:55:09,95.15,0.0,4994166.43,0.00024258435418878473
2024-05-15,16:55:09,95.49,0.0,4994166.49,0.0002426163964694322
2024-05-15,16:55:09,95.81,0.0,4994166.44,0.00024261906753900213
2024-05-15,16:55:10,96.14,0.0,4994166.47,0.0002426083877650882
2024-05-15,16:55:10,96.47,0.0,4994166.47,0.00024261372929053576
2024-05-15,16:55:10,96.71,0.0,4994166.47,0.00024261372961395647
2024-05-15,16:55:11,97.02,0.0,4994166.59,0.00024255498655993018
2024-05-15,16:55:11,97.34,0.0,4994166.56,0.0002425496473240919
2024-05-15,16:55:11,97.67,0.0,4994166.27,0.00024262174086770678
2024-05-15,16:55:12,98.0,0.0,4994166.2,0.00024263509203086911
2024-05-15,16:55:12,98.32,0.0,4994166.29,0.00024263776251722037
2024-05-15,16:55:12,98.65,0.0,4994166.25,0.00024265645292531027
2024-05-15,16:55:13,98.98,0.0,4994166.2,0.0002426751446169248
2024-05-15,16:55:13,99.22,0.0,4994165.97,0.00024271519756756965
2024-05-15,16:55:13,99.53,0.0,4994165.96,0.00024270451812135336
2024-05-15,16:55:13,99.86,0.0,4994166.06,0.000242717868046436
2024-05-15,16:55:14,100.2,0.0,4994166.07,0.00024270985902776016
2024-05-15,16:55:14,100.52,0.0,4994166.05,0.00024271786965979726
2024-05-15,16:55:14,100.84,0.0,4994166.04,0.00024271252945155797
2024-05-15,16:55:15,101.17,0.0,4994166.02,0.00024273656039184232
2024-05-15,16:55:15,101.42,0.0,4994165.83,0.0002427792814568944
2024-05-15,16:55:15,101.73,0.0,4994165.85,0.00024276860135474774
2024-05-15,16:55:16,102.05,0.0,4994165.9,0.00024277394126202118
2024-05-15,16:55:16,102.37,0.0,4994165.91,0.0002427792814713298
2024-05-15,16:55:16,102.7,0.0,4994165.95,0.0002427499116100737
2024-05-15,16:55:17,103.03,0.0,4994165.93,0.00024275792192243265
2024-05-15,16:55:17,103.35,0.0,4994165.86,0.0002427766129746909
2024-05-15,16:55:17,103.68,0.0,4994165.87,0.00024276860201549047
2024-05-15,16:55:17,103.93,0.0,4994165.86,0.00024277127341436246
2024-05-15,16:55:18,104.25,0.0,4994165.85,0.00024278462393816856
2024-05-15,16:55:18,104.56,0.0,4994165.79,0.0002428086548848689
2024-05-15,16:55:18,104.89,0.0,4994165.83,0.0002427605930032303
2024-05-15,16:55:19,105.21,0.0,4994165.93,0.00024280331441896947
2024-05-15,16:55:19,105.55,0.0,4994165.91,0.00024280598484490595
2024-05-15,16:55:19,105.87,0.0,4994166.05,0.00024270719203702028
2024-05-15,16:55:20,106.2,0.0,4994166.01,0.00024271787309927098
2024-05-15,16:55:20,106.44,0.0,4994165.96,0.0002427018521313504
2024-05-15,16:55:20,106.76,0.0,4994165.98,0.0002426885022672175
2024-05-15,16:55:21,107.07,0.0,4994165.99,0.0002427045235494699
2024-05-15,16:55:21,107.42,0.0,4994166.05,0.00024268049258673014
2024-05-15,16:55:21,107.73,0.0,4994166.01,0.00024269651321037874
2024-05-15,16:55:22,108.07,0.0,4994166.09,0.00024271253388963047
2024-05-15,16:55:22,108.38,0.0,4994166.09,0.00024272588440702077
2024-05-15,16:55:22,108.72,0.0,4994166.22,0.0002426351006445404
2024-05-15,16:55:22,108.95,0.0,4994166.17,0.0002426484512079103
2024-05-15,16:55:23,109.26,0.0,4994166.24,0.0002426270903503595
2024-05-15,16:55:23,109.59,0.0,4994166.45,0.00024252028591611238
2024-05-15,16:55:23,109.92,0.0,4994166.25,0.000242581698511891
2024-05-15,16:55:24,110.25,0.0,4994166.24,0.00024259504903141992
2024-05-15,16:55:24,110.58,0.0,4994166.4,0.00024253096638712492
2024-05-15,16:55:24,110.91,0.0,4994166.37,0.000242533636489106
2024-05-15,16:55:25,111.24,0.0,4994166.41,0.00024253363649231384
2024-05-15,16:55:25,111.46,0.0,4994166.15,0.00024259237888559792
2024-05-15,16:55:25,111.78,0.0,4994166.16,0.00024259504898971752
2024-05-15,16:55:26,112.11,0.0,4994166.21,0.0002425977191227081
2024-05-15,16:55:26,112.43,0.0,4994166.13,0.00024262442083320177
2024-05-15,16:55:26,112.78,0.0,4994166.13,0.00024267515288204814
2024-05-15,16:55:27,113.09,0.0,4994166.11,0.0002426885024361263
2024-05-15,16:55:27,113.43,0.0,4994166.28,0.00024257635852067868
2024-05-15,16:55:27,113.66,0.0,4994166.19,0.00024260572936716748
2024-05-15,16:55:28,113.98,0.0,4994166.12,0.00024261641106770583
2024-05-15,16:55:28,114.3,0.0,4994166.22,0.00024264044205931645
2024-05-15,16:55:28,114.62,0.0,4994166.23,0.0002426457819446695
2024-05-15,16:55:28,114.95,0.0,4994166.36,0.0002425389775863422
2024-05-15,16:55:29,115.28,0.0,4994166.34,0.0002425469878987011
2024-05-15,16:55:29,115.61,0.0,4994166.31,0.00024255232810480184
2024-05-15,16:55:29,115.86,0.0,4994166.33,0.00024255766831304113
2024-05-15,16:55:30,116.18,0.0,4994166.19,0.00024258436905273716
2024-05-15,16:55:30,116.49,0.0,4994166.25,0.00024257636070228877
2024-05-15,16:55:30,116.81,0.0,4994166.29,0.0002425736912535651
2024-05-15,16:55:31,117.14,0.0,4994166.36,0.00024251761930279184
2024-05-15,16:55:31,117.46,0.0,4994166.37,0.0002425069388820361
2024-05-15,16:55:31,117.81,0.0,4994166.25,0.00024253631037215887
2024-05-15,16:55:32,118.12,0.0,4994166.24,0.00024254699078863742
2024-05-15,16:55:32,118.45,0.0,4994166.17,0.00024257636260111205
2024-05-15,16:55:32,118.69,0.0,4994166.16,0.00024258971312598744
2024-05-15,16:55:33,119.0,0.0,4994166.17,0.000242589713451547
2024-05-15,16:55:33,119.33,0.0,4994166.04,0.0002426137450525746
2024-05-15,16:55:33,119.65,0.0,4994166.08,0.00024258704531682318
2024-05-15,16:55:34,119.99,0.0,4994166.12,0.00024259505660532594
2024-05-15,16:55:34,120.32,0.0,4994166.17,0.00024256301564990577
2024-05-15,16:55:34,120.64,0.0,4994166.13,0.00024258437615569956
2024-05-15,16:55:34,120.89,0.0,4994166.05,0.00024260840773427167
2024-05-15,16:55:35,121.2,0.0,4994165.77,0.0002426671507893676
2024-05-15,16:55:35,121.52,0.0,4994165.8,0.0002426564713474286
2024-05-15,16:55:35,121.84,0.0,4994165.77,0.0002427045339422054
2024-05-15,16:55:36,122.18,0.0,4994165.82,0.00024267783254069768
2024-05-15,16:55:36,122.5,0.0,4994165.78,0.0002426805042635257
2024-05-15,16:55:36,122.83,0.0,4994165.8,0.00024267249394795896
2024-05-15,16:55:37,123.15,0.0,4994165.81,0.0002426538041899183
2024-05-15,16:55:37,123.4,0.0,4994165.84,0.00024264846398167904
2024-05-15,16:55:37,123.72,0.0,4994165.84,0.00024264579420098028
2024-05-15,16:55:38,124.03,0.0,4994165.83,0.00024265113505713052
2024-05-15,16:55:38,124.35,0.0,4994165.81,0.0002426564755914641
2024-05-15,16:55:38,124.68,0.0,4994165.78,0.00024265113667370028
2024-05-15,16:55:39,125.02,0.0,4994165.86,0.0002426858477888434
2024-05-15,16:55:39,125.34,0.0,4994165.86,0.00024266181782897904
2024-05-15,16:55:39,125.59,0.0,4994166.07,0.00024253365282638436
2024-05-15,16:55:39,125.92,0.0,4994166.02,0.00024253899400649033
2024-05-15,16:55:40,126.22,0.0,4994166.03,0.00024252030423508418
2024-05-15,16:55:40,126.54,0.0,4994166.09,0.00024253632587978633
2024-05-15,16:55:40,126.87,0.0,4994166.1,0.00024253098664180948
2024-05-15,16:55:41,127.2,0.0,4994166.2,0.0002424348636745004
2024-05-15,16:55:41,127.53,0.0,4994166.22,0.0002424161742409503
2024-05-15,16:55:41,127.85,0.0,4994165.97,0.0002424562262544808
2024-05-15,16:55:42,128.11,0.0,4994166.03,0.00024245088603127104
2024-05-15,16:55:42,128.42,0.0,4994166.15,0.00024244821596992273
2024-05-15,16:55:42,128.74,0.0,4994166.17,0.00024244020792525263
2024-05-15,16:55:43,129.06,0.0,4994165.87,0.00024250429117575765
2024-05-15,16:55:43,129.39,0.0,4994165.9,0.00024246157043733443
2024-05-15,16:55:43,129.72,0.0,4994165.73,0.00024253366371152995
2024-05-15,16:55:44,130.05,0.0,4994165.74,0.00024251497395295462
2024-05-15,16:55:44,130.37,0.0,4994165.69,0.0002425523564397042
2024-05-15,16:55:44,130.7,0.0,4994165.69,0.00024254434709760755
2024-05-15,16:55:44,130.93,0.0,4994165.69,0.00024254434709760755
2024-05-15,16:55:45,131.25,0.0,4994165.4,0.00024266183443037874
2024-05-15,16:55:45,131.57,0.0,4994165.33,0.00024266183506438895
2024-05-15,16:55:45,131.91,0.0,4994165.29,0.00024266450650389633
2024-05-15,16:55:46,132.24,0.0,4994165.26,0.00024268052777545623
2024-05-15,16:55:46,132.56,0.0,4994165.22,0.0002427045597047166
2024-05-15,16:55:46,132.89,0.0,4994165.25,0.0002427045593898498
2024-05-15,16:55:47,133.13,0.0,4994165.13,0.00024272859132445674
2024-05-15,16:55:47,133.44,0.0,4994165.13,0.00024273660294386656
2024-05-15,16:55:47,133.76,0.0,4994165.05,0.0002427552946611452
2024-05-15,16:55:48,134.1,0.0,4994165.09,0.00024270990254844204
2024-05-15,16:55:48,134.42,0.0,4994165.18,0.0002427045636456487
2024-05-15,16:55:48,134.75,0.0,4994165.24,0.00024269655332954728
2024-05-15,16:55:49,135.07,0.0,4994165.15,0.0002426832021551567
2024-05-15,16:55:49,135.33,0.0,4994165.01,0.00024275529502733824
2024-05-15,16:55:49,135.65,0.0,4994164.95,0.00024276063555365212
2024-05-15,16:55:52,138.89,0.0,4994165.17,0.00024266718603908625
2024-05-15,16:55:52,138.89,0.0,4994165.17,0.00024266718603908625
2024-05-15,16:55:52,138.89,0.0,4994165.17,0.00024266718603908625
2024-05-15,16:55:52,138.89,0.0,4994165.17,0.00024266718603908625
2024-05-15,16:55:52,138.89,0.0,4994165.17,0.00024266718603908625
2024-05-15,16:55:52,138.89,0.0,4994165.17,0.00024266718603908625
2024-05-15,16:55:52,138.9,0.0,4994165.17,0.00024266718603908625
2024-05-15,16:55:52,138.9,0.0,4994165.17,0.00024266718603908625
2024-05-15,16:55:52,138.9,0.0,4994165.17,0.00024266718603908625
2024-05-15,16:55:52,138.9,0.0,4994165.17,0.00024266718603908625
2024-05-15,16:55:53,139.12,0.0,4994165.11,0.00024267519667700463
2024-05-15,16:55:53,139.45,0.0,4994165.11,0.00024268320763674034
2024-05-15,16:55:53,139.78,0.0,4994165.13,0.00024266985775924118
2024-05-15,16:55:54,140.11,0.0,4994165.01,0.00024269121797850494
2024-05-15,16:55:54,140.35,0.0,4994164.95,0.00024274996032046437
2024-05-15,16:55:54,140.67,0.0,4994164.92,0.0002427152515387712
2024-05-15,16:55:55,140.98,0.0,4994164.87,0.00024276064332324164
2024-05-15,16:55:55,141.31,0.0,4994164.83,0.000242760643321103
2024-05-15,16:55:55,141.64,0.0,4994164.87,0.00024275797321217154
2024-05-15,16:55:56,141.97,0.0,4994164.83,0.00024276064332003376
2024-05-15,16:55:56,142.29,0.0,4994164.82,0.00024277132373437402
2024-05-15,16:55:56,142.62,0.0,4994164.65,0.00024281671554343811
2024-05-15,16:55:56,142.86,0.0,4994164.75,0.0002428273957076032
2024-05-15,16:55:57,143.18,0.0,4994164.75,0.00024283807678589388
2024-05-15,16:55:57,143.51,0.0,4994164.95,0.00024271258290740373
2024-05-15,16:55:57,143.83,0.0,4994164.95,0.00024269656259862137
2024-05-15,16:55:58,144.16,0.0,4994165.01,0.00024272059358755938
2024-05-15,16:55:58,144.48,0.0,4994165.07,0.0002426938925538473
2024-05-15,16:55:58,144.82,0.0,4994165.29,0.00024260577894841436
2024-05-15,16:55:59,145.06,0.0,4994165.32,0.0002426031088416214
2024-05-15,16:55:59,145.38,0.0,4994165.47,0.00024252033544870506
2024-05-15,16:55:59,145.69,0.0,4994165.45,0.00024252834575946025
2024-05-15,16:56:00,146.01,0.0,4994165.49,0.0002425096550140483
2024-05-15,16:56:00,146.34,0.0,4994165.38,0.00024254436673219374
2024-05-15,16:56:00,146.67,0.0,4994165.44,0.0002425523770493647
2024-05-15,16:56:01,147.0,0.0,4994165.53,0.00024250431373610016
2024-05-15,16:56:01,147.32,0.0,4994165.51,0.00024249630341572132
2024-05-15,16:56:01,147.65,0.0,4994165.61,0.00024245358168457936
2024-05-15,16:56:01,147.88,0.0,4994165.59,0.00024246159200068095
2024-05-15,16:56:02,148.21,0.0,4994165.63,0.00024246159200709671
2024-05-15,16:56:02,148.53,0.0,4994165.29,0.000242517664336361
2024-05-15,16:56:02,148.86,0.0,4994165.33,0.00024252033443887677
2024-05-15,16:56:03,149.18,0.0,4994165.5,0.00024249096331868843
2024-05-15,16:56:03,149.51,0.0,4994165.55,0.0002424615921493126
2024-05-15,16:56:03,149.84,0.0,4994165.39,0.00024251232384159136
2024-05-15,16:56:04,150.17,0.0,4994165.37,0.00024254970596535613
2024-05-15,16:56:04,150.4,0.0,4994165.32,0.00024255504682899157
2024-05-15,16:56:04,150.71,0.0,4994165.44,0.00024252300555175355
2024-05-15,16:56:05,151.04,0.0,4994165.54,0.00024248295391671154
2024-05-15,16:56:05,151.38,0.0,4994165.52,0.00024247494360167917
2024-05-15,16:56:05,151.7,0.0,4994165.49,0.00024252567560187406
2024-05-15,16:56:06,152.03,0.0,4994165.23,0.0002425897591635045
2024-05-15,16:56:06,152.35,0.0,4994165.3,0.00024255504775274128
2024-05-15,16:56:06,152.6,0.0,4994165.23,0.0002425977704327605
2024-05-15,16:56:06,152.91,0.0,4994165.23,0.00024256839924627607
2024-05-15,16:56:07,153.23,0.0,4994165.2,0.0002425870899906187
2024-05-15,16:56:07,153.57,0.0,4994165.2,0.00024258708998634154
2024-05-15,16:56:07,153.89,0.0,4994165.15,0.00024259777041565181
2024-05-15,16:56:08,154.22,0.0,4994165.09,0.00024264049209867574
2024-05-15,16:56:08,154.54,0.0,4994165.03,0.00024264583230263804
2024-05-15,16:56:08,154.88,0.0,4994164.73,0.0002427179252983229
2024-05-15,16:56:09,155.11,0.0,4994164.71,0.00024276331841924982
2024-05-15,16:56:09,155.42,0.0,4994164.69,0.00024276331782907987
2024-05-15,16:56:09,155.75,0.0,4994164.84,0.00024273928717586
2024-05-15,16:56:10,156.08,0.0,4994164.91,0.00024270190566899678
2024-05-15,16:56:10,156.4,0.0,4994164.83,0.00024272059641440873
2024-05-15,16:56:10,156.73,0.0,4994164.78,0.00024274729749089232
2024-05-15,16:56:11,157.06,0.0,4994164.66,0.00024279001985390687
2024-05-15,16:56:11,157.31,0.0,4994164.59,0.0002428247312464921
2024-05-15,16:56:11,157.62,0.0,4994164.63,0.00024280604084054083
2024-05-15,16:56:11,157.93,0.0,4994164.64,0.00024282740168739923
2024-05-15,16:56:12,158.26,0.0,4994164.71,0.00024277132974892136
2024-05-15,16:56:12,158.6,0.0,4994164.68,0.0002427766699550222
2024-05-15,16:56:12,158.93,0.0,4994164.64,0.00024280336971002067
2024-05-15,16:56:13,159.25,0.0,4994164.59,0.00024283007075870275
2024-05-15,16:56:13,159.58,0.0,4994164.55,0.00024284609139090598
2024-05-15,16:56:13,159.91,0.0,4994164.53,0.00024283808107694295
2024-05-15,16:56:14,160.14,0.0,4994164.48,0.00024286211265925835
2024-05-15,16:56:14,160.45,0.0,4994164.41,0.00024287813393295707
2024-05-15,16:56:14,160.78,0.0,4994164.39,0.00024288881402868812
2024-05-15,16:56:15,161.1,0.0,4994164.41,0.0002428941542401354
2024-05-15,16:56:15,161.43,0.0,4994164.33,0.00024291284498340879
2024-05-15,16:56:15,161.77,0.0,4994164.36,0.00024289148413761966
2024-05-15,16:56:16,162.09,0.0,4994164.33,0.0002428941542476205
2024-05-15,16:56:16,162.33,0.0,4994164.37,0.00024291284499303238
2024-05-15,16:56:16,162.65,0.0,4994164.4,0.00024287546350006996
2024-05-15,16:56:17,162.98,0.0,4994164.4,0.00024289148413761966
2024-05-15,16:56:17,163.31,0.0,4994164.43,0.00024287012330466196
2024-05-15,16:56:17,163.65,0.0,4994164.49,0.0002428968244207095
2024-05-15,16:56:18,163.97,0.0,4994164.49,0.00024289415430857008
2024-05-15,16:56:18,164.3,0.0,4994164.69,0.0002428007003762063
2024-05-15,16:56:18,164.53,0.0,4994164.75,0.00024274729955113986
2024-05-15,16:56:18,164.85,0.0,4994164.75,0.00024276599029762115
2024-05-15,16:56:19,165.17,0.0,4994164.77,0.00024275797965916794
2024-05-15,16:56:19,165.5,0.0,4994164.84,0.00024270724760871637
2024-05-15,16:56:19,165.82,0.0,4994164.81,0.00024271258782016368
2024-05-15,16:56:20,166.16,0.0,4994164.8,0.0002427125891138478
2024-05-15,16:56:20,166.48,0.0,4994164.79,0.0002427152585759372
2024-05-15,16:56:20,166.73,0.0,4994164.69,0.0002427286100844425
2024-05-15,16:56:21,167.04,0.0,4994164.63,0.0002427900242144592
2024-05-15,16:56:21,167.36,0.0,4994164.57,0.00024281672496912553
2024-05-15,16:56:21,167.68,0.0,4994164.69,0.00024271793125245494
2024-05-15,16:56:22,168.01,0.0,4994164.72,0.00024272327211822932
2024-05-15,16:56:22,168.34,0.0,4994164.67,0.00024272594319688957
2024-05-15,16:56:22,168.67,0.0,4994164.73,0.000242704582029818
2024-05-15,16:56:23,168.99,0.0,4994164.68,0.0002427099232200832
2024-05-15,16:56:23,169.24,0.0,4994164.63,0.00024272861526024905
2024-05-15,16:56:23,169.55,0.0,4994164.7,0.00024269390357364813
2024-05-15,16:56:23,169.87,0.0,4994164.85,0.00024269924482807028
2024-05-15,16:56:24,170.2,0.0,4994164.85,0.0002426752148473545
2024-05-15,16:56:24,170.53,0.0,4994165.04,0.00024256040164674308
2024-05-15,16:56:24,170.85,0.0,4994165.09,0.0002425337002446992
2024-05-15,16:56:25,171.18,0.0,4994165.04,0.00024253904142427097
2024-05-15,16:56:25,171.52,0.0,4994164.91,0.0002425737537988822
2024-05-15,16:56:25,171.75,0.0,4994164.87,0.00024257909368690842
2024-05-15,16:56:26,172.07,0.0,4994164.95,0.00024256040489004294
2024-05-15,16:56:26,172.39,0.0,4994165.03,0.00024250967351744236
2024-05-15,16:56:26,172.72,0.0,4994165.09,0.00024250166285867173
2024-05-15,16:56:27,173.05,0.0,4994165.11,0.0002424856431753464
2024-05-15,16:56:27,173.37,0.0,4994165.07,0.00024246428330409683
2024-05-15,16:56:27,173.7,0.0,4994165.1,0.00024246695438222214
2024-05-15,16:56:28,174.03,0.0,4994165.09,0.00024247496502174482
2024-05-15,16:56:28,174.27,0.0,4994165.08,0.00024244826495134473
2024-05-15,16:56:28,174.58,0.0,4994165.11,0.00024244025528315433
2024-05-15,16:56:31,177.79,0.0,4994164.91,0.0002424723044663168
2024-05-15,16:56:31,177.8,0.0,4994164.91,0.0002424723044663168
2024-05-15,16:56:31,177.8,0.0,4994164.91,0.0002424723044663168
2024-05-15,16:56:31,177.8,0.0,4994164.91,0.0002424723044663168
2024-05-15,16:56:31,177.8,0.0,4994164.91,0.0002424723044663168
2024-05-15,16:56:31,177.8,0.0,4994164.91,0.0002424723044663168
2024-05-15,16:56:31,177.8,0.0,4994164.91,0.0002424723044663168
2024-05-15,16:56:31,177.8,0.0,4994164.91,0.0002424723044663168
2024-05-15,16:56:31,177.8,0.0,4994164.91,0.0002424723044663168
2024-05-15,16:56:31,177.8,0.0,4994164.91,0.0002424723044663168
2024-05-15,16:56:32,178.08,0.0,4994164.87,0.00024246162500994324
2024-05-15,16:56:32,178.4,0.0,4994164.66,0.0002425310488220509
2024-05-15,16:56:32,178.73,0.0,4994164.67,0.00024249366831592488
2024-05-15,16:56:33,178.98,0.0,4994164.68,0.00024252304048710832
2024-05-15,16:56:33,179.29,0.0,4994164.73,0.00024249633911714396
2024-05-15,16:56:33,179.6,0.0,4994164.71,0.00024249900986810576
2024-05-15,16:56:33,179.93,0.0,4994164.67,0.0002425070214778916
2024-05-15,16:56:34,180.27,0.0,4994164.65,0.0002425096919038284
2024-05-15,16:56:34,180.59,0.0,4994164.59,0.00024252838361148393
2024-05-15,16:56:34,180.91,0.0,4994164.57,0.00024254173510876136
2024-05-15,16:56:35,181.25,0.0,4994164.44,0.00024256576672476005
2024-05-15,16:56:35,181.49,0.0,4994164.41,0.00024258979932224986
2024-05-15,16:56:35,181.8,0.0,4994164.37,0.00024261917050071531
2024-05-15,16:56:36,182.12,0.0,4994164.3,0.00024261917115397295
2024-05-15,16:56:36,182.45,0.0,4994164.35,0.00024260582093861747
2024-05-15,16:56:36,182.79,0.0,4994164.48,0.00024256576864122722
2024-05-15,16:56:37,183.1,0.0,4994164.45,0.0002425417389678943
2024-05-15,16:56:37,183.44,0.0,4994164.45,0.0002425417389711022
2024-05-15,16:56:37,183.76,0.0,4994164.51,0.0002425470795107823
2024-05-15,16:56:38,183.99,0.0,4994164.57,0.00024252571866285408
2024-05-15,16:56:38,184.32,0.0,4994164.53,0.00024251770898985167
2024-05-15,16:56:38,184.64,0.0,4994164.47,0.00024252571963953272
2024-05-15,16:56:39,184.96,0.0,4994164.51,0.00024249100826031271
2024-05-15,16:56:39,185.29,0.0,4994164.45,0.00024252572028744378
2024-05-15,16:56:39,185.62,0.0,4994164.43,0.00024254975122986821
2024-05-15,16:56:39,185.95,0.0,4994164.39,0.00024255242133398795
2024-05-15,16:56:40,186.2,0.0,4994164.42,0.00024254708112360986
2024-05-15,16:56:40,186.51,0.0,4994164.47,0.00024255242135002732
2024-05-15,16:56:40,186.83,0.0,4994164.23,0.00024260048302640266
2024-05-15,16:56:41,187.15,0.0,4994164.3,0.0002425550905282583
2024-05-15,16:56:41,187.49,0.0,4994164.39,0.00024256577196953398
2024-05-15,16:56:41,187.82,0.0,4994164.4,0.00024257111218312
2024-05-15,16:56:42,188.13,0.0,4994164.31,0.00024258446270585741
2024-05-15,16:56:42,188.39,0.0,4994164.39,0.00024256844206723799
2024-05-15,16:56:42,188.72,0.0,4994164.37,0.00024255776164113532
2024-05-15,16:56:43,189.02,0.0,4994164.32,0.00024258980258265613
